trade_date,small_cap,ep_ttm,bp,dividend_yield,short_reversal_5d,medium_momentum_60_5,long_momentum_120_20,vol_adj_momentum_20,low_volatility_20,downside_volatility_20,return_skewness_20,amihud_illiquidity_20,turnover_mean_20,turnover_stability_20,turnover_shock_5_20,price_volume_corr_20,volume_surge_reversal_5_20,intraday_range_20,close_location_reversal_10,overnight_gap_reversal_5
2025-01-03,-0.022749333402599884,-0.016937470878082835,-0.02474093943867512,-0.019383951179012978,,,,,,,,,,,,,,,,
2025-01-06,-0.0026971439903199887,-2.059180664336894e-05,-0.0034478430167725997,0.0008023480185277945,,,,,,,,,,,,,,,,
2025-01-07,0.01883066369299422,0.012002021355054139,0.013862917698114603,0.013461126473956935,,,,,,,,,,,,,,,,
2025-01-08,0.0005427772085598844,-0.0016181785673712301,-0.004022038194395267,-0.0018180918966114797,,,,,,,,,,,,,,,,
2025-01-09,0.001826322931160858,-0.000979796901300693,-0.0016845249975573052,-0.0011892793713174409,,,,,,,,,,,,,,,,
2025-01-10,-0.023640299565971926,-0.021936066123530346,-0.022565634214478193,-0.022201503743920863,,,,,,,,,,,,,,,,
2025-01-13,-0.0017665364181066413,-0.001389007297568875,0.0009177427521338358,-0.0010471237250741841,,,,,,,,,,,,,,,,
2025-01-14,0.041563978344602424,0.03710613030205104,0.03504322285103356,0.033813656931526256,,,,,,,,,,,,,,,,
2025-01-15,-0.006176763022431309,-0.004343113392265612,-0.003034982311490946,-0.004298138788881919,,,,,,,,,,,,,,,,
2025-01-16,0.004268354565729512,0.008601703951489703,0.007275157844111921,0.008235218081575343,,,,,,,,,,,,,,,,
2025-01-17,0.00010670464738823421,0.006838461495786967,0.0019395170725355997,0.003919807233682801,,,,,,,,,,,,,,,,
2025-01-20,0.006150555572496329,0.006262227307028849,0.004207226283220224,0.00580281565406441,,,,,,,,,,,,,,,,
2025-01-21,0.0006853800204866443,0.0013815517043860388,-0.002261742372459528,-0.0008053505577884116,,,,,,,,,,,,,,,,
2025-01-22,-0.011147497864993257,-0.009516358047068182,-0.009158029835243326,-0.009000733248293497,,,,,,,,,,,,,,,,
2025-01-23,0.0028741003096091067,0.0038090649031479414,0.0033362261691751477,0.0022078444437125685,,,,,,,,,,,,,,,,
2025-01-24,0.0071560440007252335,0.012065460125094204,0.009836990167781341,0.011051329564144077,,,,,,,,,,,,,,,,
2025-01-27,-0.00812435547839365,-0.006585803145737555,-0.005375401649109587,-0.005526031415894263,,,,,,,,,,,,,,,,
2025-02-05,0.00046602037416506676,-0.004280843986066081,0.002596896861658155,-0.0024043639049317186,,,,,,,,,,,,,,,,
2025-02-06,0.02132300348465007,0.018365471727075224,0.017348731796735316,0.01570793078713261,0.026302275749172162,,,,,,,,,,,,,,0.02543931149534486,0.021908793775909735
2025-02-07,0.012070560938284824,0.013374172247687098,0.012291950699319147,0.010423040064500204,0.016936103565970372,,,,,,,,,,,,,,0.017921422472689366,0.014903931364832281
2025-02-10,0.01388604850450656,0.006886528390661125,0.011382075803004342,0.005057888097004266,0.01503484831569399,,,,,,,,,,,,,,0.015832987603625674,0.01318272143612747
2025-02-11,-0.0004123471943100873,0.0006845790072328325,-0.0024501539309510927,-7.889443793772118e-05,-0.0012475890248079408,,,,,,,,,,,,,,-0.0038273868636967295,-0.0015982596341931248
2025-02-12,0.010078194713553017,0.008210455327820738,0.009478825368304229,0.007594318898131642,0.014380365872517136,,,,,,,,,,,,,,0.013480464499227745,0.010729222642541886
2025-02-13,-0.00987933215651213,-0.008834254394549643,-0.005432589770942293,-0.0076361282330098595,-0.007063222395061729,,,,,,,,,,,,,,-0.005968278261611378,-0.00757579597702314
2025-02-14,0.0038096307992230723,0.004345101343432609,0.003963597578524766,0.002843428428154173,-0.0010842742058719006,,,,,,,,,,,,,,0.001499394436421447,-0.0012680381726392549
2025-02-17,0.00970007607562098,0.0028072926460073868,0.0058502489930315526,0.001577714015089986,0.011904520392114334,,,,,,,,,,,,,,0.008517083479645375,0.011323872600877185
2025-02-18,-0.01765613284978669,-0.0153405083917662,-0.016920059407766547,-0.014408900234221264,-0.01769238027538731,,,,,,,,,,,,,,-0.020265761169689693,-0.017149599701202705
2025-02-19,0.018171882078878397,0.014828244020075517,0.014024464125552506,0.012746732616641108,0.018620070218644324,,,,,,,,,,,,,,0.017574254612631714,0.01696879159279918
2025-02-20,0.004328909272321347,0.0030800726948638636,0.003938641328598104,0.0029484778283434205,0.004606362253335619,,,,,,,,,,,,,,0.0049357391213219705,0.0027978594286000792
2025-02-21,0.012364266388244045,0.011153435397093018,0.007825139047854984,0.007864466737361023,0.013326961623002937,,,,,,,,,,,,,,0.012488141643978583,0.010870819112866626
2025-02-24,-0.00030966936108708405,0.003988253398182882,0.004224858954319311,0.0022465497238126145,0.0009858634330094508,,,,,,,,,,,,,,0.0008080987054982148,0.001713892915046374
2025-02-25,-0.0061478880326301145,-0.00919395168186218,-0.005351739244031553,-0.007173000192672516,-0.007835635639128438,,,,,,,,,,,,,,-0.007880436479194383,-0.007085870285229224
2025-02-26,0.013759463735265223,0.014297461991115982,0.01273498143827377,0.01280349353213403,0.014401773756445413,,,,,,,,,,,,,,0.015499923510513214,0.013099990649218298
2025-02-27,0.005471731868747146,0.0019355934143056347,-0.00044207654467592845,0.0011389116853461867,-0.0002987771883023169,,,,,,,,,,,,,,0.0017687454532759825,-0.0012866591338570922
2025-02-28,-0.027290803291754904,-0.023405032168493312,-0.023420839868341668,-0.023975484608379314,-0.025685691370637868,,,,,,,,,,,,,,-0.026241754737399422,-0.028036964429653408
2025-03-03,0.004814647750668099,0.0038477794776040674,0.002946284027536287,0.0022709966357366447,0.003619689312166741,,,,,,,,,,,,,,0.009154599193986828,-0.0010747112439113938
2025-03-04,0.010876413835820673,0.009836864973909213,0.0073783703093931955,0.008768275980395047,0.013599716594187324,,,0.007141058795399873,0.009676053200252938,0.007561957452866803,0.009358155320025149,0.00935322083916426,0.011392137712676342,0.012400367808863617,0.006839481428770467,0.008637245545545652,0.013337643993113817,0.009678605393350874,0.0123261273374667,0.012564136735458146
2025-03-05,0.007697612524743124,0.004436944034172177,0.0037732900404255157,0.003956237475314994,0.00935489423900502,,,0.008907931625353319,0.003029031631754927,0.0028626648688720854,0.007647386067134963,0.00556668084099031,0.002909480369484461,0.0030777011719383203,0.00857267014615974,0.007128657960311308,0.009916301310735506,0.00274219681162838,0.005889435479306883,0.0106921125816316
2025-03-06,0.011792710537469844,0.010496934665117091,0.011480407787445697,0.011161387427367792,0.01689027607380042,,,0.012306858268976312,0.009418379113856776,0.01027455965137599,0.013739299464946215,0.010393275900318787,0.009634049602596334,0.010022283051271407,0.012691851682825961,0.011084031184404796,0.01575019454130988,0.009336629601157291,0.015837367433644972,0.016482562610771412
2025-03-07,-0.001897942175254409,0.0002083517560352992,-0.0032370455009609637,-0.0009378632077580336,-0.006267951394465985,,,-0.0034840229835014403,-0.0017070556789048573,-0.0004121454673409816,-0.0029073803930033887,-0.0008702180681690213,-0.0020112351344107665,-0.002309891723856229,-0.003046286434452164,-0.0037246195110250744,-0.0055451504428686545,-0.0015051726618323397,-0.005192806195705938,-0.0066339353256223985
2025-03-10,0.0019064630298702818,0.003295859412407116,0.0019811672170866206,0.001751938017909222,0.004701204026663188,,,0.0013432211125956074,0.003015457905533883,0.002680773197264968,0.0019090765790530592,0.0026235694920973846,0.0043825222806489605,0.004906949782473323,0.003182839118601579,0.004091682189317342,0.004656216981547109,0.0029610054540472846,0.0021416498904661585,0.004288480140065899
2025-03-11,0.007030185860834284,0.006233050033861546,0.005497082312591875,0.006983441858066763,0.0038746857524424596,,,0.006688031733049781,0.006520959680383476,0.006634097177847167,0.006344547776982583,0.0063032282472785675,0.007226051625286774,0.007298468753055243,0.0062860723464012265,0.006146954243963446,0.003962466509575414,0.007184379449396785,0.0039045629264820195,0.004503917244081771
2025-03-12,0.0002490373036570262,0.003502315793275697,0.0029829712899225,0.0034191730156286917,0.0075414221793529855,,,0.0024548497960035238,0.0014604126053597976,0.0008224706661668132,0.0035776787156765015,-0.00021038312587845403,0.0017587511562992156,0.0015627489412827112,0.001085686817929445,0.0034826966528460645,0.006125716912810405,0.0016361980167267829,0.004139313666148361,0.0058988100811737665
2025-03-13,-0.004741025597764365,-0.0026187455764553687,-0.003513161537988219,-0.0035444117448329756,-0.009969805693565984,,,-0.008027261218055045,-0.0024300161909541138,-0.0024748361473020436,-0.007522059047791332,-0.0015190877750195391,-0.001493751514758845,-0.002075601296922727,-0.007498266707236252,-0.0023566835056192804,-0.009700004705344534,-0.0019158992572326794,-0.007891205551100199,-0.008851131337818823
2025-03-14,0.021749776090297275,0.020732554596603135,0.017825308447724356,0.017416930129658274,0.02696486430014703,,,0.01883165740063173,0.015989411710646904,0.01635310677828766,0.021040743926027995,0.021398504009288076,0.01746137444317992,0.018305690928280844,0.020129120846671143,0.018499531450689152,0.024109500707687952,0.016634567368672196,0.02070967235305535,0.022110391481755018
2025-03-17,0.0036610585180007413,0.004145044794511915,0.0021983654044248143,0.003215105010286563,0.00390950294100331,,,0.003487914738681736,0.0018158512888086223,0.0013705582206505562,0.0034713635930671977,0.004324064563618938,0.003458970597433356,0.004579885993619327,0.003844092288544601,0.00253182104208537,0.0035380919847505386,0.0019784265262496065,0.0035820204610663097,0.005216272763506257
2025-03-18,0.004936735299793863,0.004984043621276354,0.0038444494809312946,0.0034438332091605403,0.005260041040415288,,,0.004128961096970262,0.004022547294994758,0.003888821727563337,0.003126120360954725,0.004200369105572252,0.004688690503302598,0.003994657719948823,0.00343997219382363,0.002690586647523219,0.0047967261080758255,0.003820751353570299,0.00611301189936054,0.0028385273346614643
2025-03-19,-0.008869146591730447,-0.005373328621993848,-0.003732657456715196,-0.003302626309771399,-0.0058955215107126015,,,-0.008939442374798741,-0.0021161873115444645,-0.002391427041160153,-0.004093985620272611,-0.009141989465566176,-0.001701628470178034,-0.002794580654201218,-0.005828066241462606,-0.002963959991399939,-0.006293619316740979,-0.001999377523331666,-0.004689100951299684,-0.0071132697115313115
2025-03-20,-0.0076869215993525305,-0.005293311451457644,-0.0017451541060531934,-0.0028647875199108797,-0.0049525339949374695,,,-0.008973465447234956,-0.0006285324401933783,-0.00331298813651943,-0.006670620488466849,-0.007675034402638963,8.803205396006855e-05,0.0006852398737233647,-0.005188199918506293,-0.002517170966571555,-0.0034746228306174894,-1.2562181131166638e-05,-0.005267358066136521,-0.006263669836821274
2025-03-21,-0.016976861059121377,-0.011419923083398077,-0.012097251618920744,-0.011417229130730528,-0.016396216460076923,,,-0.020251423313086644,-0.008415026779228393,-0.010841133896802937,-0.01858394390669793,-0.01641440540478326,-0.009567431004046322,-0.008946318336472203,-0.0173751612329172,-0.011931127670519381,-0.015960196999529438,-0.007861982754269057,-0.015526603172819866,-0.020704570549930395
2025-03-24,-0.0017943263891851589,0.0011764173161644801,-0.006913029493307514,-0.0021731916370979817,-0.006598026974990439,,,-0.004708886551103152,-0.007076736935962481,-0.0053841077376755786,-0.0035264588835585355,-0.005667011013830442,-0.0077491879323412375,-0.011111203282005957,-0.007559246559978594,-0.006795266100229476,-0.0069613852545029956,-0.006874197340843356,-0.0051524572530378225,-0.00822601469937426
2025-03-25,0.0013852207168198315,2.9097284838615743e-05,0.0009421176362155702,-0.000888635915225416,-0.0075213534068636215,,,-0.003936361260176525,0.0024642344288356927,0.0021987744880944365,-0.0022888228716335716,0.002380420847614452,0.0024442104350144234,0.0030295114675665705,-0.0017859600600479378,-0.0025112785256385982,-0.005542069626788708,0.0019700514646534485,-0.0018309495154766125,-0.007672783797179548
2025-03-26,0.0024056010883855266,0.002541837407779006,0.00465689379782847,0.0031206834250322095,0.0038793486674617485,,,0.0033475917471969797,0.004723513932963867,0.0038429467630798735,0.003657756220214116,0.004395750366182021,0.006080172385316787,0.006974871175970572,0.004352263918301541,0.004261849587941046,0.004180067599403903,0.003945557173486886,0.0048373545344230886,0.004548937631463415
2025-03-27,-0.0032814171191710615,-0.0024248327348726363,-0.005450394313453283,-0.0013094248060843998,-0.0058279571775279974,,,-0.002928807257275598,-0.003701712591839084,-0.003935382803791724,-0.00479537566738209,-0.0028842215828590104,-0.005197305823292238,-0.005852619453266678,-0.004840006009721807,-0.005047517615529775,-0.0050557391100967426,-0.0043653175629565265,-0.004645688037008195,-0.007041578214520301
2025-03-28,-0.013369931636291226,-0.007996033597584877,-0.011440550605157048,-0.006541671383679411,-0.01151019916151068,,,-0.012106357971747115,-0.009524675538192836,-0.00950613811716011,-0.01075466825302048,-0.012760241497051012,-0.012008445402032646,-0.01275205038212558,-0.012680890680405248,-0.010936210272619,-0.013197586382164225,-0.009526669609304017,-0.011062159122832562,-0.014139201200949813
2025-03-31,-0.006326609389172231,-0.009662458874177814,-0.009530878951383775,-0.008946345124579601,-0.007864028391957135,,,-0.005274800063371835,-0.009850674762806436,-0.009558075146214774,-0.006360203331481131,-0.00834521028515191,-0.008866898652691331,-0.008337068252209817,-0.007338870369516133,-0.006167964699377801,-0.006660536277798026,-0.010302631452363794,-0.00756994859256425,-0.006937801968793421
2025-04-01,0.007477632630651623,0.007006390221896058,0.007629354693005441,0.006369502132829974,0.005933366222173873,,,0.0054711474195657,0.010196407488110218,0.009487370543389101,0.007477011795641161,0.008860065503813633,0.012299214393181048,0.013714308549343161,0.00853347722013595,0.009823334065687639,0.008204930104329638,0.01000224174362099,0.007043741678932764,0.006942055992938803
2025-04-02,0.00013312031426204212,0.003778284162788196,0.0031053395411734515,0.004556143524826029,0.0004634241489897424,,,0.0026782398440579128,0.0037949465999910616,0.00364011801094457,0.0031709229054735387,0.0012020627588065884,0.004338597149971455,0.004225295066170869,-0.0015722965927963519,0.0034712606823270008,0.00045713778061330244,0.0021398508672634013,0.002874894594264175,-0.0008028604222936191
2025-04-03,-0.001122196341765982,-0.008035049351731242,-0.002669139991341087,-0.005290927304716927,-0.004833390210244568,,,-0.006534666704522924,-0.0021981082466834595,-0.001884368352307526,-0.0034136331958538415,-0.0008536524565881306,-0.0011150131316512548,-0.001230509920651198,-0.003454960475153538,-0.004114193626370003,-0.003961882157515477,-0.002302700035291679,-0.004400316775868764,-0.004428847192209836
2025-04-07,-0.11222695746107941,-0.10330500250675165,-0.10088626725806023,-0.09681165017702495,-0.11550458021085733,,,-0.09689161039485421,-0.10998845406301672,-0.10592362809824261,-0.10822280789804108,-0.10088923877099423,-0.10665580118204629,-0.11052132572291785,-0.09885707901647181,-0.10307463619916538,-0.11191481138039043,-0.10851451201022089,-0.11822518581520926,-0.1095599574552651
2025-04-08,0.020980603250457443,0.007677040575132536,0.01125641582255655,0.006223090945606271,0.01636325381072453,,,0.00551575099266454,0.00956918743333804,0.00848275701866524,0.011451876086877906,0.01918754937656864,0.009083178756340049,0.010142685272815454,0.004997386890259497,0.008219594135336928,0.014686616942653873,0.009330996450678565,0.010189658791233196,0.007943754351764044
2025-04-09,0.025301083208908604,0.015914512957039523,0.016404491155970483,0.013121946324969847,0.03065272127736905,,,0.017574591873310615,0.018252732151306548,0.016400846005645127,0.02068963732715637,0.022329702216361824,0.018097476337333464,0.019200354805871993,0.01693986811549171,0.01918712351818974,0.028237943359603574,0.017698202305054367,0.030124126000227482,0.024886822857141406
2025-04-10,0.023389924346998863,0.02064396159939611,0.01885606472020575,0.018518156811213167,0.026110053722510556,,,0.02309304229394959,0.019401766395837017,0.019367042023799488,0.021999032237179014,0.023423377857619773,0.02149489631902119,0.022041314733034043,0.023056522935273736,0.02218884199617873,0.024501662083275703,0.018497620050614377,0.02693038673333071,0.02430641662968912
2025-04-11,0.008261814102634072,0.0036778263595314965,0.006123955955727253,0.003348887912356928,0.008346008893813346,,,0.008362940267153193,0.006003844477682303,0.005360183744957204,0.0074724225079687056,0.008324575112783596,0.00945782196780138,0.009434038818304676,0.006461213141425626,0.010346778215864523,0.007766200469573265,0.005096588792555689,0.010448680773302004,0.009392018915189952
2025-04-14,0.012585741938333127,0.011683624858675752,0.012932351913240527,0.011140435402703134,0.014668734446801593,,,0.014596870890419009,0.013695271860308014,0.014242706765525779,0.014586626085653849,0.013039623308094097,0.013510958741208433,0.013754940126725465,0.016323095398310436,0.014246591929774156,0.01506752437593521,0.013390237485959725,0.014376237317835218,0.016854169676570357
2025-04-15,0.0012920008922016335,-0.00037936425740833026,0.0012880309220603303,0.0003848458272535531,-0.0014930435599671012,,,-0.0004836024571510231,0.002400289179374281,0.002312592695734146,-0.0011643903907380578,0.0008185741566456679,0.0021082222587896207,0.001653004438634198,-0.00045752045203290384,0.0007286598693423135,-0.0011148063677361962,0.0018132613727431185,-0.001523238178517765,0.0005799261392964055
2025-04-16,-0.005940055231776804,-0.0067228955139247435,-0.006396548778133865,-0.006413795829580745,-0.009595431857845888,,,-0.008530917224435091,-0.006601344579389075,-0.006488953343013233,-0.009259175877949192,-0.004986255293674779,-0.0057320793759338415,-0.006890487423206315,-0.010635776918869673,-0.008093733070720024,-0.00924477361971971,-0.006417008885933059,-0.011835094424028806,-0.010165666541975822
2025-04-17,0.004259908327601293,0.004600835174503246,0.003550939970069472,0.002970341933608174,0.00247155759072676,,,0.00411817477956068,0.0057853739996266765,0.006169101804345177,0.0033066482135193954,0.005510851476983434,0.006641462794598441,0.007319010941290241,0.003922297305999212,0.0031163216928426695,0.0028268759409474037,0.0050934927438419765,0.0036261769021182153,0.003621747172904372
2025-04-18,-4.811944864777798e-05,0.002554196549243413,0.0030055450455251935,0.0022762305815664007,0.0027789313135249956,,,3.38800488467295e-06,-0.00025433713711321747,0.0003182318734331123,0.002242749502732187,3.564584821188227e-05,-0.0004132137061745485,0.0002016770193469231,-0.002330956860582852,0.0002822742096795112,0.0008372055929956068,0.000624664029535277,0.0015735354569347655,0.0014523658985325758
2025-04-21,0.010667799729697853,0.010982718548861266,0.010676079075363628,0.009517302713297999,0.012862553633696507,,,0.012464485158392326,0.010088775061442543,0.010912786137344565,0.014222498720736693,0.008391916670188564,0.010326651385891812,0.009285765235630426,0.012797183922321362,0.011291495056954126,0.012751497584182576,0.009037985439501147,0.01522378603810088,0.014892874880182557
2025-04-22,0.001509752596449434,0.0023200412044126514,0.0032925348864121505,0.003671666634148489,-0.002543889155569968,,,0.0015167121935359643,0.005572842932295227,0.005736936038928988,0.0012915663650307772,0.0016742657173003073,0.005246644244052845,0.004509955101756709,0.001789848210990456,0.0006695152301865331,-0.0015428774928431465,0.006477587275089732,-0.000265855360548039,-0.00032991720970080093
2025-04-23,0.0031815051314007317,0.004594099506779534,0.001601825298176423,0.003646463295622268,0.004574108248261679,,,0.0022112882561496406,0.00129961055498004,0.0019020144550300096,0.0022203798730493418,0.0015628844978178582,0.001829078198505018,0.0018512232016754324,0.0023674570688687526,0.003882419201096671,0.003609240623732398,0.0018259206522280567,0.004815664984543597,0.004622201085705279
2025-04-24,-0.006721284878473893,-0.004893666886181321,-0.001203830028741479,-0.0030574733145977456,-0.00983693062176284,,,-0.004271777066280905,-0.0030786432523152874,-0.002044435062888752,-0.006459931718842321,-0.004972607226543587,-0.0019011813704616503,-0.0024773292731511834,-0.005362068512115356,-0.005351200723264841,-0.00869931649199824,-0.0034798033436451658,-0.010389846853086774,-0.006758077049645769
2025-04-25,0.00021148729552496838,0.0032652425645081696,0.0020380332495140508,0.003941956515960253,0.0019336632786329606,,,0.001574058122075987,0.003737298945858751,0.0039033279761903224,0.0036718592373510754,-0.001415773470942722,0.0022153110384565936,0.001668641017437621,0.0030921430154938366,0.0011496402453329427,0.0029887626703112577,0.0031276406632072466,0.0015668593301690196,0.001930765314645562
2025-04-28,-0.009531756422924658,-0.010922226444103511,-0.008425837540248142,-0.00849515201216647,-0.012782551671578934,,,-0.00976242822430599,-0.009515189448087784,-0.009977645477778043,-0.011272685583641017,-0.008678331706399119,-0.010462764553571315,-0.01106619038793435,-0.010915892176704621,-0.008870686814842696,-0.013184030498054077,-0.010914953822808594,-0.012650137872207166,-0.012031347963302517
2025-04-29,-0.00018939608134092574,-0.002578251077495225,0.003016342851160387,8.60792992337012e-06,-0.0009756775139287107,,,-0.0020643919986103646,0.0023981201277108797,0.0013144114557165983,-0.0010709918401181605,0.0028648719416052714,0.004289176400327447,0.003914618944584773,0.0003163908548537771,0.0002088842031809353,-0.0013573999127286327,0.0026061618291960986,0.003346917915564556,-0.0018224128226286293
2025-04-30,0.005257024746283982,0.0006481199283876768,0.0002678828708886934,-1.702021328780926e-05,0.005720678800462605,,,0.0019475428395394115,0.0031349414746386483,0.0016850252939687416,0.0014875723227563448,0.00487681439641768,0.003086367433589056,0.0039154982719630735,0.0018722821068742083,0.004930097768271035,0.004728283737948494,0.0023502407890783937,0.008805177180184406,0.004264689865124792
2025-05-06,0.02287944392233482,0.017968868138231762,0.01878629644944776,0.017475609937967835,0.02784981376278756,,,0.021907822506566588,0.019191280622122966,0.019578630891655832,0.025925458327258875,0.020160106655946718,0.02027769691481697,0.02185180188545327,0.024463657749972657,0.023360276379218295,0.02689741079289196,0.018572339965549585,0.02770366160175433,0.027992759069858077
2025-05-07,0.008060239142626385,0.0060532111642688504,0.007325221925690813,0.005935959291947774,0.007599076016260001,0.00809530706014246,,0.006671845719886718,0.0074081006378074665,0.008747591455966396,0.008561096058155804,0.008800727934061841,0.00786382331228417,0.007680265497012529,0.005926242467139557,0.006534131106524917,0.008507991917322232,0.006937888294190142,0.007330200653133236,0.008279434418592465
2025-05-08,0.009777879833361603,0.008401416157423817,0.00886327474970574,0.008822180518753976,0.00941738114546525,0.006218409987765563,,0.005708933725608051,0.0118989092830541,0.011021651193655932,0.006467023336131842,0.008513453110018228,0.010260213329922356,0.010629565648355134,0.007233501272818252,0.011656609338080687,0.009454411500103784,0.009820042562129353,0.008812493668334644,0.011125362257030764
2025-05-09,-0.008109934921158322,-0.006915504375109747,-0.00724265560762556,-0.006013031082344181,-0.008066476010891957,-0.009406692593889595,,-0.006090195484534567,-0.007058418352121335,-0.006780700976840914,-0.0076980760179490475,-0.005038253811106458,-0.005583248596435565,-0.006197238553622134,-0.007477762907452741,-0.008086839264547521,-0.008929310572233822,-0.00604103839709362,-0.010274538268060705,-0.0084048283888892
2025-05-12,0.014666383209520984,0.010739061817098581,0.01143158087723085,0.01103819207164351,0.012861760131548102,0.01384524550839181,,0.010637430936317752,0.010519705000084183,0.010585116709344774,0.013038297285748993,0.012295655228307292,0.0108382029815166,0.010416309222217663,0.01121544702100042,0.013617920628355082,0.0119540672423513,0.010024843437564757,0.014834070579155652,0.012667199084558486
2025-05-13,-0.0014699240306174986,0.0016531168643157546,1.9103641567979993e-05,0.0017021447977062366,-0.0013636951986612115,-0.0010868372866288556,,-0.0005875041383135984,-0.0007745423684701891,-0.0010158355449736325,0.00011047066261146676,-0.0014830201110138936,-0.0006624764099371585,-0.0009984061614837134,0.001888590477878629,-0.001331168209663771,-0.0009350121863621115,-0.00044198730908530425,-0.00135680735351295,0.0006951172984674382
2025-05-14,0.0071861275196849666,0.007261286481050948,0.007284466809587292,0.006387312493894263,0.006010892482407957,0.009668302126989534,,0.008297019191687542,0.006565164095997265,0.0068138336505930335,0.009889875021920904,0.007542599421150877,0.006816041986125217,0.007688563281862147,0.00609943598739042,0.006702062897220469,0.0063635357482569295,0.007214600985887412,0.009421329957318385,0.006786572094533638
2025-05-15,-0.008083418388593765,-0.01211277605853004,-0.009352920602812917,-0.010780456292363778,-0.010387796089264946,-0.009351056764637976,,-0.007944730836171577,-0.009446670512800275,-0.00868059342546518,-0.008333146451195326,-0.006281337813224703,-0.006956177955557477,-0.00710386672358648,-0.012600086852753187,-0.00948230571474668,-0.012136571147598972,-0.009197045602303866,-0.010982992585265238,-0.011114952135061652
2025-05-16,0.00013304891841034837,-0.0014326478573469215,-0.001396032269397047,-0.0007608039086245753,-0.002238145314117463,0.0011018911768627476,,0.002394321085645782,-0.0008136152562478928,0.00040949883339099337,0.0012015677234136282,-0.0007173647344658109,0.00016156786402900632,0.0013246226208763721,0.0019535289621307166,-0.0015990719319579725,-0.001316999551389102,-0.0010015370509101728,-0.0016939008669059987,-0.0011945081711380132
2025-05-19,0.00233678656369877,0.0005745091375551906,0.006086198541394526,0.0012681884436377944,0.004509348725754274,0.0031454355239303633,,0.005298660843519085,0.007816518432487183,0.00821173734922258,0.008306972745273209,0.003366296725415178,0.008488088701496768,0.008352486091977949,0.002938856041856972,0.006055411698249116,0.0029999964691383566,0.00672151572804797,0.004986581431419533,0.0057133936269423225
2025-05-20,0.00735516124826093,0.005274677570634669,0.004810039900279622,0.005998641487909668,0.007365862912795068,0.007129152548297283,,0.006895117602578923,0.006889131470617878,0.005995602364074971,0.007845952345769437,0.007385724657054763,0.005338339723216148,0.005948017582594898,0.00639491774200466,0.007843910560633122,0.006899687355551218,0.005471743310744162,0.00785681898543644,0.007510004418506113
2025-05-21,-0.004235495364999681,0.0008458891626027476,2.9575440363309322e-05,-0.00038927419118011216,0.0009292476595584206,-0.00146336726640221,,-0.0015059274571948195,-0.001238589250802658,-0.0014193138824511366,0.0006086204895263467,-0.002393634209426522,-4.1895832367734706e-05,-0.00015917822386920995,-0.0021946061448784655,-0.001071076701091215,-0.00012338948174773107,-0.00040567605570782827,-0.0018770921499167061,-0.0011849877191988057
2025-05-22,-0.009460419278711062,-0.008818924610316768,-0.0069954445352927615,-0.007104250206266043,-0.007436360752518888,-0.00957709834611879,,-0.007741236946093077,-0.00546098388413636,-0.006738633002860628,-0.007399355967159911,-0.00824687038473502,-0.005643065125664105,-0.006160993547652817,-0.007041068565632416,-0.007655783809995835,-0.00884906522130109,-0.0045877964635684014,-0.011737413688219941,-0.005728485564737202
2025-05-23,-0.010349849654444602,-0.008903211143864356,-0.010712293160289887,-0.010979049016831789,-0.011288438374762143,-0.011543707134357423,,-0.012266104480794404,-0.010279062977069672,-0.010330511499119364,-0.01187825302526456,-0.00905291112166878,-0.011222469174259795,-0.011452320154775144,-0.011902808257476817,-0.011583075422810497,-0.011912617083648314,-0.01113601014210276,-0.012474553136130636,-0.012478419131023422
2025-05-26,0.005874076741287866,0.004553292858199163,0.005446468719393091,0.0016547686918866103,0.004909504608077426,0.006204337547896764,,0.0060471382886471,0.007679917491284184,0.007154868674789808,0.006707538203567046,0.003772958176091824,0.005490076471538096,0.0064168002385659745,0.0054218516964963225,0.0069278454027160855,0.004592708227606385,0.006839292758528036,0.0062745807982110295,0.00588455630480039
2025-05-27,-0.0028970234016695373,-0.0020172844774465305,0.003481414763856231,-0.0007424132672740953,0.0017188094925740256,-0.0011423832611508853,,-0.0005427374939145834,0.0048037980419342145,0.004984375021972516,0.0032182549590791154,-0.0015315794909064344,0.005087257634504131,0.004731211293137733,0.0001219237487908268,0.0010760227272627377,0.0009208783966238196,0.003480897695597184,-0.0002712672635910649,0.001488586265564527
2025-05-28,-0.004876277333399467,0.00026975636419210346,-0.0015542352754811754,7.987156917050166e-05,-0.0009457515850737102,-0.004908782480762472,,-0.0051920100870473315,-0.00042452117824203194,-0.0002766673601077653,-0.002182705023413057,-0.004136658995812234,-0.0014850569668097642,-0.0017419607784630645,-0.002163515801325265,-0.0028399328470165124,-0.001759374753350284,-0.001734723572808571,-0.0036916104353622416,-0.003093888377269103
2025-05-29,0.00959650138290332,0.010664918507570254,0.011229674511155903,0.012677223439223218,0.011025822520951982,0.0111027367660469,,0.009647160471343227,0.011437675715955034,0.010513010755347793,0.011203118043595878,0.011367374684350104,0.010571763631855214,0.01167492205700457,0.010760649160338441,0.013788268980614582,0.012348575686204373,0.011548526745873576,0.015060729689635425,0.012056560168843454
2025-05-30,-0.01194609030521943,-0.00927684706317697,-0.008089548204042894,-0.009411582823288862,-0.010178166618882958,-0.010113866701881842,,-0.009278398623420947,-0.007144734103661836,-0.005809223858983123,-0.009420149182580929,-0.008023404616172684,-0.005744800942586172,-0.00588064189858699,-0.011555755353148614,-0.009805028995878644,-0.010383792418083598,-0.007615315711891963,-0.009595461441171032,-0.010704255687999114
2025-06-03,0.0075298996749361595,0.005585673291443079,0.006828467729950983,0.006071940975742219,0.007948156329274744,0.009883258050869901,,0.00974806594379709,0.009607662072929467,0.01057185368374339,0.009384008858066456,0.005192097356838737,0.00779767809868632,0.008122559043928454,0.008713275488380696,0.008131478420413814,0.00838478089147736,0.007131182734069134,0.00859302276946702,0.00837914900235545
2025-06-04,0.004968700297620528,0.008967970789843386,0.009274300849785762,0.007569405122098817,0.008850118801851662,0.005552399021359584,,0.0046404426141398985,0.008894107996459599,0.006844071353319896,0.00604104293719357,0.00690155172777856,0.010857974796117715,0.010738683186821755,0.006449598562911365,0.007257755149970479,0.008256492455471382,0.009656116855284448,0.006910664069069076,0.00855901326471774
2025-06-05,0.005361447710434943,0.0029169548886975346,0.000247456257723652,0.002008274495470078,0.0066620700301808266,0.0015071324374625653,,0.00084614926945144,-0.000549673910850701,-0.0007342620953160671,0.002808683001904535,0.003946751178975206,0.0010593894550443147,-0.00010272520279841602,-0.0010240142732629307,0.00471676798195506,0.005998188162819844,-1.0874602740914218e-06,0.004842379197173118,0.003237042993143442
2025-06-06,-0.0009077410606518101,0.002095832038760164,0.0015983199869048473,-6.146089598533327e-05,0.0022837786645848743,0.0005482002839773925,,-0.0006180327609205406,0.002908693523693886,0.002389901400953606,0.0006597767386865496,0.0010856046147918275,0.00282119898119221,0.004030857145816141,-0.0011440933698116207,0.00288632051420786,0.0020219208544113372,0.003262432677402981,0.0008361757017358509,0.0014576668870308087
2025-06-09,0.006735105466007003,0.004901131965015959,0.006659444133481637,0.006260553090653929,0.008592963837982245,0.00997163786558752,,0.00965327918519839,0.0066395024035311835,0.0055544271359618935,0.009485179377819291,0.006883490487629903,0.007209301622365615,0.0068369774055723476,0.011432551892634193,0.007698508184406801,0.008519824876882498,0.005961622180112647,0.006919520873784286,0.010638291179771461
2025-06-10,-0.009820314379712692,-0.006666735099536611,-0.006542010009345591,-0.006338548478912296,-0.008463377361731804,-0.0054144697477047895,,-0.004680056456179674,-0.006466059266524782,-0.00556449204727332,-0.00823340902226677,-0.0063775526476061405,-0.006709082678248281,-0.0065567015655321435,-0.006996056680555502,-0.008049325743764206,-0.007021432639969303,-0.005995027892658216,-0.008454424757332232,-0.007230493938640037
2025-06-11,0.007878055203717624,0.007156743128993823,0.005923937617815622,0.005900571852931932,0.006564746841915467,0.004170013138675358,,0.0032552394345439183,0.006252409153640958,0.005877335928490026,0.005266010654384142,0.007111126374629867,0.0058581152597385515,0.006191138253511126,0.0032861692151633253,0.0065381906252192845,0.005995405141995771,0.006975486796330788,0.006474006439968941,0.0036920405156504786
2025-06-12,0.0009278367914775825,0.001053478510080011,0.0005319390957889634,0.0035946669518447786,8.672240627484539e-05,7.09141437186251e-05,,0.003269935382618938,0.0018001730259212766,0.0015851243320555272,0.0021887341724979394,0.0010747066542311798,0.002438037428785538,0.0008195728555159156,0.003697767132699174,-0.00010343820600328238,-0.0009301252231959238,0.0021347056841452875,0.00021589375159203184,0.0014076942319718585
2025-06-13,-0.013647758294362053,-0.012749174499217628,-0.013767645023366842,-0.012587556457781748,-0.015181384717726348,-0.010705753154239632,,-0.011716274044819033,-0.011924956129872733,-0.01182960693600215,-0.014063525811819159,-0.011741232110607189,-0.013107594086874756,-0.013569462877809873,-0.01389299248965558,-0.01499856707431456,-0.014405509039401836,-0.013114149794583996,-0.015332285957938013,-0.014570520115766877
2025-06-16,0.007979179020413892,0.006314374418783248,0.0065916898706627645,0.006361340991490327,0.008015080067293496,0.007459189756234711,,0.00923759781510065,0.006991919868241793,0.007437056442083916,0.00864214125613273,0.007765749313479579,0.006969801404265409,0.007715905214206846,0.009759057634609691,0.006109054815539387,0.007066984921484062,0.008232295807703776,0.0075285944459919365,0.008617336988318037
2025-06-17,0.0004477860269440301,0.0014820560963987733,0.0028735107851496832,0.0023141253790765095,-0.0005515268501853587,-0.002105457100687195,,-0.0005950410066670828,0.0026752163205018935,0.0018829034413713366,0.0006427160503336066,-0.00019863138180811442,0.002617728032283801,0.0028573269918098876,-0.0004303654137335855,-0.0002702779061132258,-0.00040143224246388937,0.0033755096544395183,0.0015252073873180344,0.0013645856995846333
2025-06-18,0.0013067861944860736,0.002137378216581769,-0.0009215140363514408,0.00044823125701620216,0.002834146928404079,-0.0007522487242595525,,5.6920156039445976e-05,-0.0015751211890410392,-0.000666709159559172,0.0009981434842873623,0.0013622985315616836,-0.00010984901093833617,-0.000506484972447982,-0.0011891310435098808,0.0022793409676933676,0.0017295095595226857,-0.001117771749299279,0.00026249035997059347,-0.0012662801476758213
2025-06-19,-0.01292192882985743,-0.01140853713854976,-0.011814226257136637,-0.01079683225190618,-0.01388398618173847,-0.018600797167228702,,-0.017133574207915576,-0.010121225998147139,-0.011230006260365289,-0.015664058122227265,-0.012047001846783943,-0.011738036641271519,-0.011529717935930222,-0.018029917681759905,-0.011191122441551217,-0.013463021997628147,-0.011296077151399703,-0.012490525503418667,-0.01870390258902218
2025-06-20,-0.0022870583663564727,0.00044342448871495,0.00022637124301396578,0.0013609851698380038,-0.003551362486161916,-0.004959737097468766,,-0.003143970621017507,0.0014254153430665068,5.383034037285027e-05,-0.0033253117145451865,-0.0031510598604185297,0.0002843836507531635,0.00020405017725540515,-0.002225929484164611,-0.0019733439358424133,-0.0036273921090165975,-0.0008522349477805967,-0.0030205791341592456,-0.0017335763748071685
2025-06-23,0.0114826179025553,0.007298219533615812,0.013523056641063312,0.008229414694346359,0.011916554268399063,0.014130113291013286,,0.012887230878888862,0.011442439947808702,0.012531380110221925,0.01508778711763617,0.0117492402604279,0.01396667495107409,0.014130332158137303,0.015306986770562421,0.010550775181668899,0.012270418594143859,0.0114577810299348,0.011938630023891684,0.014627325659816027
2025-06-24,0.015634378193353844,0.014793086364156325,0.015421799691740264,0.01493124088485896,0.019156444671147185,0.013431492958547158,,0.013234065497727696,0.014351571617698967,0.014420609127305601,0.014893820713420351,0.01531711492947442,0.015018078498119135,0.015772474069192566,0.01526132963502327,0.01743388149355537,0.01930026551073223,0.014395162624681294,0.017743931482290667,0.018127139479666404
2025-06-25,0.010983218876516722,0.008974099702897276,0.008205833096497857,0.008808389017452078,0.012218050781047466,0.012007097528499131,,0.008763389426005807,0.008010681856515397,0.006254685785374396,0.010650444340983285,0.009556221032386986,0.00803488352159773,0.008138626399263884,0.009006741726955075,0.012942642127522715,0.012479639106467981,0.00783050389041443,0.01369220234195151,0.01051564018108963
2025-06-26,-0.0030120391497913683,-0.0024961142170367204,-0.0004723069062702416,-0.0019121684321580553,-0.002642833669453737,-0.00047415420866448756,,0.0005669363183838097,9.993579742247638e-05,-2.7152667272021004e-05,-0.003042117941374942,-0.00032927097011779393,-0.0003375496701366291,-0.0005503827225308768,0.0005716609303954682,-0.000917272984291431,-0.0021791227363289634,-0.000573517374375097,-0.004250021431856411,-0.0016020443516009855
2025-06-27,0.0014823414980377452,0.0021873470928653505,0.0016431800191141449,0.002257794425197397,0.0011631120343789303,-0.0007636692041345388,,0.0008515376407097294,0.0019945245050245796,0.00012848105022113886,7.513734365449503e-05,-0.0008388794990737851,0.0010718029496531777,0.0005692207862643851,0.0013785728480598916,-0.0008761867630444969,0.0009463908678389313,0.0014397523672407065,0.0019141489100551264,0.00236742874574417
2025-06-30,0.009421333253980212,0.006273358827071977,0.004535924609107436,0.0055324779461927,0.009965600150854138,0.010986522074934708,,0.011943563023204687,0.005618798186703734,0.006578553334474721,0.010004401958868214,0.009361107595396042,0.007670641650102062,0.006612773579350124,0.009428077411592998,0.010180403067788595,0.009290420522803187,0.0045265565808464935,0.007807627039699313,0.008042635206440774
2025-07-01,0.0036974144412209027,0.004826985033978698,0.005713683738467821,0.005171164638379782,0.004185887831301963,0.007494451781485993,,0.006519785712536986,0.0034097102171590904,0.004911375965798785,0.0043752562917165365,0.0026148266293495107,0.003456464238063843,0.004910473418412102,0.0053676317119811905,0.003524416446457764,0.0033096476238384112,0.004508954862403774,0.0026768692546905687,0.0057356074143799845
2025-07-02,-0.0038702235333081055,0.00022545762639766812,0.002006485676839602,-0.0008667417436867938,-0.0033177487178098386,-0.007272673445068383,,-0.005397247854673685,0.002339335927492571,0.0006207517631393569,-0.004622655043240661,-0.0017915185647663738,0.0017273823240814522,0.0012020968172499684,-0.004898466042923006,-0.0022584683148390693,-0.0030573201191182674,0.0024271054189652416,-0.0031656724075712927,-0.003120088107141671
2025-07-03,0.002501822240552388,0.006605512976618434,0.0061167709884617305,0.006916204695287092,0.006369962896453205,0.004193428942830597,,0.004816579256862741,0.002915807417589544,0.0032364014775284515,0.0060877456936288665,0.003874948501554174,0.004663775315717145,0.004236654832284361,0.004091449669154825,0.004260419107405756,0.006117997454148994,0.0035908979224915484,0.004282517127890077,0.005655400787649835
2025-07-04,-0.004895506319550705,-0.004017356882928642,-0.005626889690467329,-0.0036109016140036783,-0.007328192516231345,-0.003079448581318318,,-0.004721287822001749,-0.005754431413981813,-0.0051339060582385795,-0.006406882369189367,-0.00424885289914158,-0.0069364872549657845,-0.005970342402471514,-0.007785096210976351,-0.004900848407037731,-0.007507926776299852,-0.005237964759240394,-0.00573674116197799,-0.005489223629971006
2025-07-07,0.002714191127524526,0.0038887824182545347,0.003983990085032276,0.003541257494270894,0.0026180293320411385,0.005819138920223788,,0.004284135265240941,0.005286560885135064,0.006225670693096659,0.004916971776086902,0.0020239155451752216,0.004223178509172303,0.0056809423342515245,0.002479506474373936,0.0029696162125193806,0.0030467310668557106,0.0038265832482094466,0.003157243584622827,0.005935523114030258
2025-07-08,0.011669290447325885,0.010116030806812412,0.011303122875317081,0.00984972782419436,0.00977261654475953,0.008772321701169051,,0.012690324965070549,0.009475537802517508,0.009170432442839736,0.011083166202451322,0.010749537656514808,0.009507489732679484,0.00851639497589625,0.010904055779388714,0.009903858783288418,0.01006599446091886,0.00827345676845069,0.009900932890801302,0.010015330852028643
2025-07-09,-0.003987222099807635,-0.00047515791452655467,0.0011940095976014575,0.0008869529432890381,-6.5296901855567825e-06,-0.004638963160583397,,-0.003799167449241254,0.002173622679285606,0.0019339051204639716,-0.004170808688795159,-0.0025734336315352555,0.0019766714981032025,0.0008305863185883137,-0.004281574681542686,-0.0014857204415924595,0.00013956638889329543,0.0016227082367444988,-0.002434342684731022,-0.003430073108513554
2025-07-10,-4.0695436124243696e-05,0.004792762995789505,0.005280353237972811,0.0038363350262409462,0.0015093248626143509,0.00013096134679982824,,0.00137444515330864,0.005138688689261928,0.0037422870939393623,0.002947354654781941,0.0013726236529481024,0.004717663257011884,0.0052663232160205554,0.0021269660271939286,0.0017184126843192936,0.0014154717011699246,0.006344103142553938,0.0030341623660241246,0.00037052758230991773
2025-07-11,0.0006923277384829544,-0.00038541983103457093,0.0017912046359014353,-0.001368195005970021,0.002871850315341724,0.0017191550702309402,,0.000538590791815466,0.0006933440537222534,0.0015424596222153246,0.0031400216303462,0.0005779180479832047,0.0014820233289141544,0.0013337170143121356,0.003088185268022049,0.005454609261047604,0.002541973931982417,0.000605950531091601,0.00261038295873891,0.004247115013306267
2025-07-14,0.004309980520683898,0.005056379368740103,0.004319301107116978,0.005677079178561788,0.003969563658041686,0.004481225420551012,,0.0029250256435087393,0.003679741350228054,0.005861377898540583,0.0040125106417834315,0.005713795115281268,0.006756209908777794,0.005960127025587553,0.0021162931036586793,0.003503300434842784,0.0042547941235009075,0.003307269151919824,0.004627895473282501,0.003955877278712148
2025-07-15,-0.007228793506448375,-0.007736237914769983,-0.01043123953748872,-0.006505860469829249,-0.011904575574835761,-0.009516871718238742,,-0.005020492405637255,-0.010654350847036378,-0.009299094280639159,-0.010382303684038576,-0.00496407053457141,-0.009141839195840884,-0.009157100517514479,-0.010926758644156811,-0.008074652320337038,-0.011459563971747676,-0.009411231667950066,-0.010460579845965358,-0.01094732718035456
2025-07-16,0.00023185799072341688,-0.0005106561398480465,-0.0005669763821218434,8.453199805175671e-05,0.0021661127016597177,0.0009867006496133094,,6.680916637807022e-05,0.0017585163961704102,-0.00011779976991267176,0.0004440264545414362,0.00209520950210798,0.002656455604611638,0.003249476978023886,0.0012937032489220217,0.0019776084611580255,0.0023745683565954464,0.0017557514859261665,0.0034957173369340316,-0.0010242484693636861
2025-07-17,0.006196454548441487,0.004311281609218882,0.005521642399675029,0.004673353078736172,0.007514419291646485,0.010138828498899565,,0.01122817832007773,0.004439496319734159,0.005485378394753315,0.009197604388274168,0.004958430813727739,0.004347998738212295,0.004932330480061797,0.00856431637085938,0.0043119518357248214,0.008149552834935755,0.004501425782335902,0.0079075217691872,0.008238981820989108
2025-07-18,0.0037806189444129453,0.0033294598252321234,0.0034860777879477875,0.004135353722549665,0.0027937556464585145,0.0033823782564326686,,0.0031591697550829184,0.0028288752825763944,0.00402150173264173,0.004311445359426377,0.005003509381766171,0.003594243721151151,0.0019082645306643044,0.003477297489541958,0.0030408349889356153,0.002950582123797813,0.003084710220436835,0.0025655851530241584,0.003714418833035301
2025-07-21,0.009433721526990058,0.011952157443588159,0.01176805947554199,0.010159520169997827,0.009416818960349562,0.009891568435332404,,0.0078530006337939,0.012024545401799386,0.0118695084094761,0.008172221597141404,0.009812512910783966,0.011068856385801837,0.011974876348416836,0.009283350604478609,0.010583089359803373,0.00949564395144449,0.012070968839525633,0.009117548732963577,0.008586878294143315
2025-07-22,0.005498038407520363,0.008851037506377332,0.00624911430799207,0.006295777035705807,0.0045551938981890725,0.0014280885413732213,,0.0026639782573292413,0.006429657128290417,0.0057173361122106105,0.004263321152210486,0.004914569700529962,0.005508969787928983,0.00467716291445647,0.005708897026469364,0.006522912505851363,0.005051087185650007,0.00670222778939248,0.003772513890674496,0.004392759385221376
2025-07-23,-0.0046160877787801945,-0.003923991515235998,-0.003956825825834839,-0.0034916090119290156,-0.0054684937939003374,-0.003779842839145601,,-0.004565656575221503,-0.0034839878024374746,-0.0047801490253221455,-0.005581756207559443,-0.0024506797196580305,-0.00547656434263081,-0.005227934939276383,-0.007434862444449372,-0.0028271022713712785,-0.00566560384498106,-0.0037811610362767233,-0.004332980574025352,-0.006052915127553419
2025-07-24,0.008176886625398993,0.008742282664860197,0.011949247853156842,0.007700417740562311,0.009897471471080959,0.00864053605519707,,0.010851078974327707,0.008770786071383596,0.010213478363767943,0.011197744672062583,0.007575293210695796,0.007305518067483467,0.007749528022111057,0.012688080813778459,0.0068953471513516235,0.010181012221693663,0.008957965550297218,0.011699800428554081,0.00921051659356519
2025-07-25,-0.0017361658621578113,-0.0013889311986473962,-0.003065462693652572,-0.003040766764051489,-0.0001777190863202213,-0.0007297346019117831,,-0.0014817300060844829,-0.0006909692483444327,-0.0010628657779883208,-0.00084706568918219,-0.0011866221090497853,-0.0004915222313099474,0.0004540067467474587,-0.0001233692280318229,-0.0006960530418685337,0.00047322389758716594,-0.0012754845538157072,0.0014448504354774242,-0.001809954927781133
2025-07-28,0.00447598336840149,0.002523322073742074,0.004279000065681021,0.002606897382444429,0.004867393168021043,0.009709118265938994,,0.00983609747482342,0.002164880138844366,0.003910373325383893,0.008072327125918944,0.005011603431795603,0.002648148833407165,0.002728063337058054,0.008141153475096011,0.003890616433763436,0.005633637544144071,0.001822286898979651,0.004473636936728181,0.007963447497456791
2025-07-29,-0.0010692343031550285,-0.0004023134288315678,-2.2807974664194893e-05,0.0011324283592353372,-0.003097632448805877,0.0010313681128701875,,0.003833972518930781,-0.0015648715791180604,-0.0012409217439603621,0.002243105112432742,-0.0017237748415071439,0.0007503936911692817,-1.0120530438031238e-05,0.0018264119670210542,-0.0023577098957673023,-0.002891453027652377,-0.000841770926570717,0.002351458666950415,-0.0024245041527558783
2025-07-30,-0.0013808904992468121,9.451711952783398e-05,-0.002557312887591211,-0.0006371054402037787,-0.005454949825300238,-0.004953948751465023,,-0.003421439075467433,-0.0024755116078839746,-0.0012244617271300357,-0.004387615219394076,-0.0014994181250794591,-0.002636436970829796,-0.0016149135845995627,-0.0037370372572374053,-0.0011667945665915632,-0.00568178321204864,-0.001955236380502366,-0.005242480186949451,-0.0054069308971921885
2025-07-31,-0.011144755358660073,-0.01720481386320523,-0.015992645770308383,-0.016651471535448235,-0.014671190554740468,-0.0117217061234654,,-0.01111226781088808,-0.015595732201593205,-0.01427754436032641,-0.015411696714308927,-0.012727291512004683,-0.014508101042526715,-0.01367125079088513,-0.01632198866386317,-0.014489201502459186,-0.01476079419471561,-0.01648398423420123,-0.013831124202314662,-0.013852394882280947
2025-08-01,0.0011697608966699808,0.0024356503582121224,0.0023888252527401116,0.00287118297699894,0.0025047660648486237,-0.0010114432730315207,,-0.0009493064705166565,0.0037419716631142182,0.0027980258481171707,0.001368686007997558,0.0027304384134387437,0.005862196636733407,0.004813399433196432,0.0011878108299991563,0.004086047676636619,0.002298084626743154,0.002948657793811404,0.00044250082188542904,0.0018630137308078374
2025-08-04,0.010899561390027346,0.0068475591196047875,0.0066711956429722505,0.007353446142530187,0.007700591519476879,0.010851844930042974,0.013692477281133654,0.01110289886604764,0.008258441128358532,0.009330824239867263,0.010492230939435637,0.010664544162101912,0.010331974997624577,0.010240780470064511,0.012435517273865809,0.009203220461877666,0.008594147513677831,0.007057286981892129,0.011183754421781291,0.010081511468347437
2025-08-05,0.009919954732478791,0.010766108455869632,0.010218209284206671,0.010885730966904136,0.011415573470525126,0.011640941730081433,0.012444521758084626,0.010236343713480393,0.010319396042327117,0.010163238655678742,0.010787892753709366,0.009203635429198364,0.011513352946518958,0.012257236289458994,0.009321404521472487,0.01070357835744095,0.011987120367202706,0.010047192015786167,0.010402487943065416,0.012927971077485962
2025-08-06,0.006727404920569069,0.0056397919835468645,0.005190889078190647,0.006013822344584892,0.006431959128734647,0.009115153089107795,0.008419534912538088,0.006437841104151651,0.005262141935124356,0.0056662594997704705,0.007730685484321185,0.006243315769281433,0.006399561516360026,0.006359162944533509,0.008002633061727715,0.00583993077792903,0.007383197316706087,0.004778074975394972,0.00613991100169644,0.009173772035782238
2025-08-07,0.0013970774941207953,-0.0009288651635125444,9.366864741410265e-06,-0.00021024973782352813,-9.650055191086324e-05,0.0011559376015412481,-0.0007233674694793617,0.00038471692278397316,0.0013911885764213833,0.002006695429764038,0.0017456009612822703,0.0005540519392835846,0.0004930700668000577,0.0002107052970240746,0.00045740423176202175,0.0008371383821423214,-0.0009201850093290641,0.0014177930563133117,-0.00037662188278864313,0.0014354746265971346
2025-08-08,-0.0036251585649153067,8.580820451205092e-05,0.0006011057502529922,0.0003210378229617491,-0.0031090518170038954,-0.0019142646921825129,-0.0038561454846297743,-0.0013106746602349094,-0.0022371836791167366,-0.001314693787399789,-0.0009773473548002369,3.991281870857779e-05,0.00013721315439000457,-0.0021177257653958786,-0.0009294513913932104,-0.0003126537131771916,-0.0017389606108428662,-0.0004193468251347478,-0.0027868428666028007,-0.0016162075835879724
2025-08-11,0.010813677139121137,0.00953038582075044,0.00996206053597031,0.009894272255258537,0.010125926241383995,0.011170789242642096,0.009748922852707557,0.010759869282585051,0.008102336809593887,0.009996729894811053,0.010690078163812363,0.007318003251105553,0.008356344308943723,0.009275477714189236,0.009444814341230798,0.007901815758560877,0.009792439040484685,0.007602883169124324,0.010869019491072577,0.009332904881338235
2025-08-12,0.0036164534967118704,0.0021593993100727294,0.0010603918333656607,0.0024221441615288226,0.0025044790560601674,0.003276870948020012,0.0006204554740186263,-0.00021865117027947888,0.0024708045966413644,0.001331197761679258,0.00113108204381538,0.0015200484844046912,0.0003346921539479324,-0.00028298867423063196,2.861201427640626e-05,0.0010364833522268255,0.0025803376897636223,0.0018286312466767706,0.003586064371023096,0.002523420707202434
2025-08-13,0.0054334481365202695,0.007007207216368386,0.00532995050044278,0.005383913316897158,0.006389428929288792,0.011713017112329272,0.0072599592755624555,0.009704554623341882,0.004918206749735515,0.005243015675416296,0.007668214545183339,0.003440190582492336,0.004103539757512531,0.004493131705598895,0.006074416876802694,0.004707271678733412,0.005908102475041667,0.0038189814683952036,0.007119486775802635,0.0072207115573205095
2025-08-14,-0.013465067551064238,-0.012532207201887567,-0.013241306924090724,-0.011062706314117335,-0.00968450065731221,-0.009397556710036148,-0.009887639977551904,-0.012898636765067455,-0.011383878715278116,-0.013241989035248392,-0.013624988031952542,-0.01159003562461942,-0.013583736838496513,-0.014329710791448501,-0.013918855547346167,-0.00862675038180311,-0.011015650863629621,-0.012329906834810727,-0.0073970262180094665,-0.014682801778011931
2025-08-15,0.014373297459851768,0.015852664148128255,0.014812611130321033,0.010821132751074103,0.015725243182510684,0.017254225087171792,0.015461136239941118,0.01740481488066544,0.013905512257763736,0.015045483400141288,0.017616617005790376,0.013845889454039565,0.014799617426314466,0.014413423811470299,0.017155062249991762,0.012016729351436495,0.014453159092695091,0.01266502261837963,0.017655642406433848,0.017962593674633348
2025-08-18,0.01793282934631597,0.011500541394865763,0.012402808717663092,0.00903852334240716,0.017340929104821077,0.01655909575525594,0.01670303822339818,0.0163285907999366,0.012815984833324627,0.013679843782966366,0.017175626961942827,0.015537914630861129,0.013170557239305845,0.01390027396569107,0.016545779165064643,0.011017194772581246,0.014861679075999586,0.010582382337040232,0.01991333442208317,0.016946755106641044
2025-08-19,0.0012803158996458912,-6.916526883982637e-05,0.0022480304590721777,0.0003504182651701582,0.0037727008657690475,0.0037243174709802014,0.003214092565377263,0.003492090422803356,0.0010856774272996281,0.0020973351191175315,0.0045139712877465665,0.002771697095770854,0.00209743612871789,0.0032738927213030187,0.001820405469363952,0.0011886503114839693,0.001643916094691508,-0.0003646927241582341,0.004727552262689703,0.001959091980842712
2025-08-20,0.009292045769133369,0.014339045307797931,0.014665963740027257,0.01294134695687495,0.014245619874891683,0.00795895878726603,0.007650860334080094,0.007852002893322657,0.011963968410250811,0.01311503505047066,0.012882625986023112,0.011937814054771434,0.014900052892328824,0.014668611125132222,0.009299888326515161,0.010112182611124624,0.01269769128541009,0.014340445626632926,0.011998969677350273,0.009066715834683037
2025-08-21,-0.003344117713253691,-0.001898789830020832,-0.0011859267060264837,-0.001004004413134553,-0.002945205644227945,-0.005292973192650864,-0.004504084697099147,-0.007414014480731047,-0.003082537220510669,-0.004842738544455079,-0.006111023594103509,-0.0024768903778392406,-0.0039836016928670006,-0.00392163120515218,-0.005789748052884426,-0.001796807777208866,-0.002629093811611837,-0.001970139128906197,-0.006358240734684799,-0.005875836355504242
2025-08-22,0.011453331706006766,0.0077341701790752245,0.00694949730283963,0.006418444991332361,0.009606178665362506,0.008493195464813063,0.010559371837912397,0.008616252251008559,0.007282266714907672,0.0071216428205011385,0.00799818507840077,0.012604357166009402,0.00767022991768167,0.005890918326276956,0.010469362790094975,0.007914285719537234,0.012086435578422289,0.006099512103653052,0.008052834865276458,0.008568481900687127
2025-08-25,0.013994887428272575,0.01209822083847271,0.011172186559979,0.01260071713660877,0.013388720831174677,0.016600831786159242,0.014802399231116762,0.015325809366648823,0.009264448140829884,0.008908953615885232,0.013577163015115476,0.011828682553632116,0.009315282429163822,0.008256174768586592,0.013787647959161127,0.011985527106024208,0.012190586439123291,0.01011936198876819,0.01355766260658468,0.015412769964791127
2025-08-26,-0.0029097458810255212,-0.0003996470739577789,0.0006840516889035342,0.00022272127453734942,-0.0008058063207119499,-0.003928906478145001,-0.004937077783987206,-0.002589036910353775,0.0011264289002714497,-0.00045738100643885827,-0.002416058743858118,-0.0019373259632640269,0.00035631689178952224,0.0008298385207457956,-0.0026315365124351454,0.0005814600074166111,-0.0025208524276074287,0.00041880260026245933,-0.0021406260127276888,-0.004058647419861013
2025-08-27,-0.022172459930972204,-0.020202244723114136,-0.02455617223398255,-0.021316279031152404,-0.021462270595554864,-0.022951026249773875,-0.01987514349030062,-0.020921585829882457,-0.021505128978050243,-0.02422041504259914,-0.02309956199842432,-0.020633575253955448,-0.02125027464514244,-0.02254028504399606,-0.021646932641565877,-0.019293856010514837,-0.02075540311494563,-0.021337710727334397,-0.021101319583208926,-0.024135148290239505
2025-08-28,0.00877858016011534,0.007553306319081188,0.007362323351340644,0.008226384140022766,0.007536500793209985,0.012692299198712141,0.008708995756385248,0.013996730785976581,0.00799732625875936,0.008343570574263845,0.011491593778690115,0.010306064925069042,0.009214591039150427,0.007317409594977898,0.014055476140149315,0.009141010580376242,0.008502679133843546,0.007142402663054446,0.007562356371979663,0.009440432526721802
2025-08-29,0.0018300692579455193,0.0036823762410023875,0.0009104522704716983,0.0013883967336686708,0.0034633346637704876,0.003350237536359756,0.0033759207942680282,0.0008175154486312183,-0.0017254789080962231,-0.0029302162403010332,0.0005764679928036229,0.0025319368723035625,0.0024944024396519283,0.0019318380312842616,0.0037878621948977554,0.000798166307020703,0.0035338416435186744,-0.001260977706971903,-8.97145389001353e-05,0.004099897175942936
2025-09-01,0.0057193373930734225,0.0031157761130774183,0.005181068605740214,0.0033686878878957617,0.00774662278941847,0.010324132125425956,0.004357519670746539,0.006921770638507682,0.003969387548997793,0.005080401199501388,0.007864993253900318,0.007167337533294492,0.005284216285272439,0.005575678901452277,0.004819886185018412,0.006186100354273861,0.006243003986353855,0.0037121813865359115,0.00785719577946597,0.006325080947393657
2025-09-02,-0.010037375811660545,-0.013803675956467452,-0.012861490359347933,-0.01214870513383722,-0.013041827774023091,-0.022981640898239303,-0.018189778188332208,-0.018930947478218156,-0.007608394452182745,-0.01028365547404635,-0.012739281454673337,-0.007805518458347519,-0.00948521452099546,-0.010262326532549318,-0.013440251308211566,-0.011165152240421502,-0.013799580031912584,-0.008191020392173847,-0.014927432660129813,-0.016108687761142552
2025-09-03,-0.015901683714479004,-0.014936783678589203,-0.017135484856484487,-0.015615765573121066,-0.01866657917133341,-0.01580807977293106,-0.018419075107004097,-0.015787797147690432,-0.01780175969695555,-0.017871370760432978,-0.018555008565221614,-0.013206267664154673,-0.01760463348393212,-0.01977084786550754,-0.019035391887257128,-0.016891819798372076,-0.017586370067648602,-0.01741654577060062,-0.020305722254986704,-0.018932716195730673
2025-09-04,-0.007836793538290851,-0.007939672755767811,-0.004852848971576752,-0.00895555105867616,-0.008554909175728804,-0.020146067291671222,-0.014927407646087892,-0.018838370583630058,-0.004477875075170341,-0.007068734133591482,-0.012837926156851483,-0.007584841027848263,-0.004891901216576119,-0.004763354525622933,-0.011727478445500455,-0.005964944899997466,-0.008819592916399686,-0.004682094587280158,-0.009799080820297302,-0.009984910481667343
2025-09-05,0.019955144497395723,0.01968269323997546,0.018695138711376576,0.018043918282457605,0.015454131461987038,0.02335769879359644,0.021171092337767445,0.024083229220383424,0.015532833446183066,0.01801041267110685,0.020995756119101226,0.01938721691133602,0.01584381278344311,0.01567043831902287,0.020874450422311768,0.016399815461668972,0.01661955924039277,0.014671090514593668,0.017600845240237167,0.018483936668159815
2025-09-08,0.004037562664069293,0.009257333736313681,0.008334126110253654,0.008173395152324762,0.0079328358594753,0.004588844613067548,0.007155116900016837,0.0080740911126047,0.008057142953139017,0.008791658980157395,0.008613638977171484,0.004057307479237801,0.009240069438856769,0.008829578954322527,0.009331553481665207,0.00785022346399571,0.007824683427258805,0.007877847438385509,0.007925889691846037,0.006691480307522566
2025-09-09,-0.008019241634125727,-0.005406988515514128,-0.0044695398193520825,-0.0052688325330506325,-0.007846751298266638,-0.009934354346187816,-0.007179939840739281,-0.008835504545434412,-0.004280162220932609,-0.005272799421549779,-0.005988963823886561,-0.006351856785652004,-0.0028665837305192356,-0.005209197464051655,-0.005873127960368565,-0.005830886402015903,-0.007416877823826012,-0.004543563591668589,-0.007891178354777765,-0.010176940431011161
2025-09-10,0.00032311572116526163,-0.00020599967916085945,0.0019987925770478393,-0.001094691202357582,0.0015171446614999935,0.005813832292405461,0.004469702210225742,0.0032864102926145776,-0.0005449583684079445,-0.0007703696056406914,0.0017414310187141996,-0.00028487368909750036,-0.0016086021416668124,-0.000270064609384928,0.0003425940663867282,0.0016565623876442428,0.001732443909771386,-0.00046464320966799915,0.0017597641756609847,0.0029482378212059095
2025-09-11,0.016332097964259874,0.01581050090742958,0.013560194461014207,0.015688752437732947,0.015309317713470496,0.026411926584960995,0.019664574509152946,0.022416472844769122,0.011398335020920197,0.013196742329752632,0.01642880361136248,0.014701866856406145,0.012608627235251454,0.012455217386781337,0.017071897592774585,0.01405683569569065,0.016042079214468905,0.011814239582342855,0.016640039671471908,0.019495968007280106
2025-09-12,-0.0023048445667943535,-0.0024648820613376787,-0.0017010371484139795,-0.0035420811809460467,-0.003885281258579329,-0.001473191273938417,-0.003316463157976026,-0.0025031347746481427,-0.002629983333528693,-0.0014297225488038245,-0.0022080049115153527,-0.0024198941178151523,-0.00306235188970508,-0.002100990096373811,-0.002679351173673031,-0.0036505690502037125,-0.003632142146782582,-0.003089526084526865,-0.004918352486455027,-0.0010104094915927568
2025-09-15,-0.0025104279463191085,-0.005048325949921581,-0.003503556884056693,-0.0047267631915042085,-0.002880826777324327,-0.0014953911910236927,-0.005132788704415052,-0.00357682281318073,-0.002321814973975097,-0.0004947678526494104,0.0005916146946283106,-0.002158749244497654,-0.004245512384831402,-0.004207191361028748,-0.0030453918877419986,-0.002729539658714574,-0.0022263655663283385,-0.0029836222172680595,-0.0018384714595283736,-0.0008241194270603116
2025-09-16,0.005509101778407759,0.003798740922026488,0.005256366375121191,0.003115101624599997,0.0032503266851329946,0.011936626479999159,0.005157837883571339,0.009537720128212168,0.0030841489074239017,0.0071050182934393365,0.008093025170431768,0.0036064715096562313,0.004719229975456283,0.005812277580077985,0.006111795629801869,0.0043043998823653175,0.0036880717323445264,0.0022489621874176996,0.006380918115705387,0.010647172295020076
2025-09-17,0.005431776189045573,0.006568792705411224,0.004351504279661778,0.0052454609908211,0.0037979899312155186,0.006882301190649189,0.0030371054242754898,0.002673115000217088,0.004780272579282526,0.0056622835936920605,0.0068945618978037805,0.004182848613754647,0.004103180682688493,0.004003205001071154,0.0020880739627291106,0.0021647455438571477,0.004629013168451795,0.004893839918834087,0.004964589862315853,0.006982414087296174
2025-09-18,-0.015502609219101333,-0.01610617004582519,-0.01576982290059733,-0.015178112127599225,-0.013046164948997985,-0.013026175054468514,-0.014506136621732923,-0.01401976591779792,-0.015552958728328176,-0.018019185073620495,-0.017294760542891998,-0.013951641398658343,-0.015542142280909957,-0.01619495162159402,-0.015761447108826133,-0.014920367163121543,-0.013413281762680402,-0.016366238345562,-0.015479975537665417,-0.01414173854338435
2025-09-19,-0.0024848401337334595,-0.0010360865919944594,-0.0011452595084405469,-0.0009960827723198673,-0.0025791702384378376,-0.004557883673806248,-0.0038387709610184775,-0.0033178345709536355,-0.002373151975382419,-0.0025358247723880943,-0.0038836925155501054,-0.0012247332088520272,-0.0008142118239379921,-0.0013941694026818143,-0.003564853363764619,-0.0017596336825984446,-0.0019420307487003254,-0.0013998579251695666,-0.0025610254449520108,-0.0031978698592738997
2025-09-22,-0.0002578507239333193,0.0002379875662291396,-0.000941738309553274,0.00012213509586548783,0.0009335212317641927,0.005533703341402694,0.0026491657085318102,0.005619220328237579,-0.00105442272959583,0.001528775580971939,0.005269179130836701,-0.0012537562649062117,-0.001352488183407456,-0.002082186842409814,0.0024165192856960864,-0.00045366916899711613,0.0015887802383719504,-0.0018042450908030052,0.0029077472545040975,0.0042242979318459556
2025-09-23,-0.006089990235953398,-0.003607270023025154,-0.008266262115602968,-0.002587192234785314,-0.006545577345972121,-0.009653580192948413,-0.005493003258986056,-0.007732158194386115,-0.005138326352394434,-0.006419660271244898,-0.0060851647949315656,-0.005620867943506324,-0.005945687821872243,-0.007113048750094423,-0.006776415887782999,-0.004087667197993751,-0.006697847397153925,-0.004535302968633391,-0.007578063109244731,-0.0100149549263409
2025-09-24,0.010184764514945469,0.014261126264172459,0.013015853878528513,0.012576424144805982,0.01134291595069542,0.008909366350125758,0.009707285157016736,0.011207631458667888,0.013469691178898695,0.013507167044697342,0.011092889706166658,0.010744781805542714,0.013084976605291572,0.012790651288355806,0.014580851546761064,0.012792382764182646,0.011836037346787205,0.01219248828523298,0.011178595901497657,0.010307255229739343
2025-09-25,-0.004736593650233878,-0.0030347190406474133,-0.005310156065157191,-0.003320395989609632,-0.004047863974317749,-0.0036446465767670955,-0.0031926446636375756,-0.0047317431051141865,-0.004563487311557947,-0.003038556451471791,-0.0023040492505431143,-0.0022429402822634536,-0.00497365518267047,-0.006525194932889006,-0.003999388675688774,-0.0037520674375479887,-0.004176092618202632,-0.004164828727258302,-0.003759750565543085,-0.003803767491778415
2025-09-26,-0.005905545239749322,-9.639419080616176e-05,-0.0013831403769670257,-0.0011097374553339285,-0.005309314754642204,-0.012291224110645343,-0.007617564963211952,-0.011720053624639404,-0.0025867549012687694,-0.004138144107963135,-0.009742055186408366,-0.004119170847035088,-0.0019654244215878258,-0.000905698806394273,-0.00567914969898128,-0.0015499774853837051,-0.005440173396180238,-0.002587036470487584,-0.008058538133582743,-0.010514807282740103
2025-09-29,0.010943331554792593,0.011406796749786336,0.012449167507032137,0.011134161926336723,0.007427764054792898,0.01570007168365424,0.010730176020308077,0.015196633935854745,0.008331925980186675,0.01097668507712817,0.011556980465419458,0.010486805534778642,0.010402014222536601,0.009375531283398254,0.011265447497733786,0.00826365978498479,0.00851004419876753,0.007524640899058916,0.00808520401048521,0.012000292385552802
2025-09-30,0.0028234071241577245,0.0030041232546125316,0.004137167084914281,-0.00018615031538969494,0.003345782781212252,0.003457150452468117,0.00470318522814943,0.004250979230194519,0.002698470220701811,0.005156457384559874,0.006672158901458414,0.0038681174664932133,0.0019066309672096352,0.002143989933123971,0.005031792793866179,0.003115002942788581,0.004209807213669638,0.0015215683221603072,0.004323363512379014,0.004137361773942088
2025-10-09,0.008740055490696983,0.015188763429549286,0.01345337592349968,0.015639582101850114,0.00821143151021598,0.003819368717587764,0.008943864354218753,0.007588128391152294,0.012655443807590854,0.011316544707069191,0.008367025538746915,0.0074286134482098145,0.010849327287684308,0.010145998775000413,0.01056196221899759,0.007159657352429969,0.00786761766377808,0.013757920158579325,0.008757079542857675,0.005692808311403175
2025-10-10,-0.006809046614399761,4.0100141396547796e-05,-0.002864244153714722,0.002595888565610556,-0.008169750516883578,-0.010646699727307134,-0.0064992669484265015,-0.006481174793242711,-0.0008588764409741818,-0.0011737961237739303,-0.004474302026467029,-0.005251591565866952,-0.00191593835290914,-0.00040596540348321233,-0.0014676931034246464,-0.0038191674324245476,-0.008045139878657905,-0.0003842491472033847,-0.010184276787269166,-0.006265585481228101
2025-10-13,-0.0035338963391199,-0.005984880548928661,-0.002245478802881922,-0.005603383997643067,-0.004590605810877079,-0.0018591552960689306,0.003978611935876887,0.0008631059466430069,-0.0021212256215557713,-0.0015045083616540102,-0.000960526156267279,-0.002807103076499419,-0.0011094592191264437,-0.0019155257063559641,0.0013779522577355497,-0.0010091620080946075,-0.004266781952728767,-0.0023169820273546216,-0.005884486958423237,-0.0005102776797844315
2025-10-14,-0.006792295611897707,-0.0034451287758603265,-0.001356987235903539,-0.000838957263917147,-0.007190178893692022,-0.01406904262273063,-0.005835371751803192,-0.011156815872592117,0.0008879314982334801,-0.0020545844448017925,-0.007334792628924266,-0.005335630907010202,-0.0010212019253635482,-8.99161815598707e-05,-0.00760302083997152,-0.004051864223030292,-0.008859401854831576,0.0002591035299393161,-0.008697466646873367,-0.007025329783040012
2025-10-15,0.01274962666647717,0.014013986422656867,0.010640649417114631,0.012867577831775267,0.014572335363980726,0.018307410207290924,0.01872737057212076,0.01433330789208409,0.009802128278377347,0.009456632259367301,0.012403685877337116,0.011705163872081453,0.009322879914032162,0.009388494661498844,0.012209510521332812,0.012205279435866039,0.014742088144841474,0.009421379412138988,0.014214193913438068,0.01361475347042393
2025-10-16,-0.0015359897644519212,-0.005416341744003834,-0.004597944801675274,-0.003807353947278182,-0.003489251353128388,-0.0060338504338767395,-0.006552812424377191,-0.004832101038975961,-0.0019217909194697974,-0.000785707387965429,-0.003702732623158861,0.0005163611192180416,-0.0028930733417509994,-0.0039641812587533146,-0.004793868428531663,-0.001596373293033685,-0.004834436914162732,-0.0018260178160860686,-0.006027103280945815,-0.006204684257427384
2025-10-17,-0.02267018042088927,-0.021421775866838227,-0.01950147823889692,-0.020552426744699506,-0.0230250739182325,-0.023239532035997493,-0.0223451406838132,-0.02167554753195264,-0.01937849536848708,-0.020620576215014445,-0.024183389957643867,-0.020032659799636806,-0.018806561772759273,-0.017393138089204088,-0.022369423090876975,-0.01823562184495883,-0.022769396102278048,-0.019234142275473716,-0.023260336370293417,-0.022466000426582932
2025-10-20,0.010254096450780641,0.007327688545649273,0.008193116842280388,0.00721326450055208,0.009467702717232131,0.012705628259565128,0.01008507044036264,0.010584342351998274,0.007897161847206615,0.008841606409483064,0.010583094837090357,0.008730099752559582,0.007209154900130155,0.009636047058605981,0.009304893628175553,0.008028007055778176,0.009034158042303205,0.007644819751888327,0.01149016517625989,0.00970848397718553
2025-10-21,0.015513423015540468,0.012202965316776558,0.01237959766552401,0.011752355030774757,0.013428105765649085,0.018278022274646078,0.018065046182291714,0.01608195807529707,0.009205010700706737,0.011496118886837733,0.015160061963243075,0.017060367161743105,0.01251377915308723,0.014388617497873256,0.015162404807526899,0.013351942814480225,0.013393293146630599,0.009401697651905539,0.01607537328938622,0.014427318143762297
2025-10-22,-0.00017525041381582273,-0.0030090487686162955,-0.0007837448348980382,-0.001836566358097575,0.000657250757720948,-0.004014639378588173,-0.00267607197334303,-0.006167076333225843,0.00014516944300568664,-0.0013777954697454795,-0.003194338817824439,0.0006808244344405463,0.0001293338336285443,0.0009062832426606118,-0.003348359304411867,0.0002646833910352064,-0.00019670705255295842,0.0002463648730247437,-0.0009448443201325395,-0.0013931285080061341
2025-10-23,0.003140270449496114,0.0037545847883265074,0.004485231139657773,0.004819711607841923,-0.0004431673124616338,-0.0039793620863523135,-0.004855319930122555,0.0009691483775430011,0.004808550155885758,0.0042094415706963725,0.0020431475956576807,0.0032818497927712934,0.004378862662549395,0.004406996602630855,0.0009015972415427097,0.00268945466506574,0.00057872376119207,0.004765248377394511,0.0008599704004918877,-0.0006062774541613859
2025-10-24,0.007575673198459632,0.0040391710987096605,0.0033004441783140003,0.0037182259249023586,0.008043188176707084,0.011913859521595373,0.009816660607928072,0.010587038221212586,0.0019794500724431142,0.0037832414993819005,0.006750652947565871,0.007658893568120763,0.0023490071840350842,0.0015210542709941336,0.005298648499504171,0.005352925309130127,0.0076954805172412205,0.001977415850903436,0.007293929138441321,0.006263206878253053
2025-10-27,0.008548091723664566,0.009495085645792224,0.006965652238911362,0.009056360048507583,0.008504150425391328,0.012040170322669937,0.013703738853081935,0.010356199036267607,0.0062906413523935705,0.00742747110458828,0.009158795764381776,0.008922786332815515,0.007378217468608537,0.007279212621183881,0.009224303006030917,0.0100635276410068,0.008908027672234836,0.006907256045525987,0.0072525896265363335,0.008574147503466006
2025-10-28,-0.002051758696368461,-0.005607513812890722,-0.002872597649970535,-0.003211291314346902,-0.0021002797035258374,-0.002532339312025485,-0.0015498521516885636,-0.0028063192750094543,-0.000649835043892686,-0.001760498098544651,-0.0014857968099065701,-0.0031204205187145314,-0.0009422385780797559,-8.36933133015951e-05,-0.002018306185016165,-0.000917605730217539,-0.0026947067194988566,-0.00044627142327275076,7.503555156807155e-05,-0.003326217287413098
2025-10-29,0.007205722455008393,0.008110147767781956,0.004737523848912854,0.004697007772811287,0.00639214523900076,0.008958237158449346,0.007590486702847014,0.006738336362542181,0.001249955104274786,0.0015127397069287381,0.004310523878313514,0.007872767342782513,0.003423300900443072,0.0028508924637019374,0.003192240493298848,0.002775563804015935,0.005929791932321793,0.0016866982438907849,0.009426105718973178,0.004909687720310614
2025-10-30,-0.011220149215114019,-0.00639676364022799,-0.00584340500511026,-0.006701029687277456,-0.013139482563052628,-0.01451269710447407,-0.014111963228050422,-0.006166519446629998,-0.00664180088649576,-0.007018164541007536,-0.009787245481403374,-0.008083188309722529,-0.00872449763130976,-0.00896343887877842,-0.008910658449746159,-0.008603788961730427,-0.0128375430547713,-0.006683579938512575,-0.011119067224911967,-0.010863382451091936
2025-10-31,-0.0004623113581843873,-0.0005244466541375705,-0.0009346728636647133,-0.0011512461379178458,0.003290546443596526,-0.000550546751533391,-0.0013216235164637904,-0.0021634671504615834,-0.0004309498287559916,-0.0007979091595907331,0.0024885916380912353,-0.0028689907759976187,-7.049657455790185e-05,0.0016778983496255145,-0.0007681561794188361,-0.00036875090376488226,0.002046002106127337,-0.0005872014283794351,0.002783567440561441,0.001667323012891221
2025-11-03,0.004317207276786447,0.001992204065451765,0.006960527021976292,0.004832765938944671,0.005048918615932301,0.004672886420217059,0.0024468881576180657,0.008704749867234894,0.008830972488041712,0.006553351205337962,0.0059905022083158585,0.005194730144861255,0.005864645542704643,0.007476510802479645,0.008075021748561987,0.005993849298546349,0.005494030045343427,0.008105932042282448,0.006368015216672191,0.004512510124189726
2025-11-04,-0.00462174026393902,-0.0067292859031930765,-0.005117598950191917,-0.004913905674887237,-0.006951193211529781,-0.008429729953183597,-0.00952950437216366,-0.0017693914142218846,-0.0021784575272405,-0.0026112942214061405,-0.006623743406704402,-0.005693901890405448,-0.003676329805094195,-0.003851998598869239,-0.0041153317316507555,-0.005592899724510538,-0.006967464234351986,-0.002422494786629606,-0.0066110768886728215,-0.00434237911459713
2025-11-05,0.004313346531350357,0.006986163080902717,0.006600914612264121,0.004964297147848715,0.0029179571887465684,0.004357874077163353,0.003491314534803532,0.006394695502794342,0.004486442920979107,0.004684230361821038,0.004059883468444851,0.0038130886272896066,0.005629634190342771,0.006722292086489163,0.005013784768234166,0.0058263062289799295,0.003320967656395525,0.004253444953500017,0.004556081286897271,0.0037107251543614106
2025-11-06,0.004772406148801844,0.011969434814234237,0.0075896299960974845,0.009756008531236522,0.00927975069949716,0.01072323102298303,0.008651994224678439,0.007279839723514566,0.0041455698829867904,0.003907507729076516,0.005586524218584084,0.005251450202530351,0.0052044825409794946,0.004862288390889147,0.00395990599590519,0.005570898021146392,0.009753397479829713,0.004458987754411184,0.0049628617022303345,0.006886968069510588
2025-11-07,-0.004393021703965483,-0.0013631804816160449,0.0016463618133902762,-0.0012046079278071682,-0.004362567326432987,-0.0036653343309187686,-0.005236573614261153,0.0006944210366257429,0.0005897726472227045,0.002065023761197367,-0.0012886670600013093,-0.0027631907527602495,-0.0003287530990604936,-0.0007981442299043854,-0.0006238277652219739,-0.0022954851130327952,-0.0034934370158165246,0.0009024031657819343,-0.002290554046527189,-0.003203941481834064
2025-11-10,0.008679161609333262,0.006440544334249607,0.00780692626557622,0.007529692665492241,0.005637518552612427,0.010127387061739827,0.0064594375103950614,0.01440467001992078,0.008612278689760876,0.009212012942700345,0.011297641962576571,0.008047982424176862,0.008810188710281846,0.008667085521242363,0.008228051155769812,0.006950837206015271,0.006119480996331082,0.007970586051692803,0.009060266000417715,0.00998167770240624
2025-11-11,-0.0017648061468666786,-0.002955844167122068,0.0008304260776746438,-0.0007952247635127635,-0.003342422890443177,0.0008575831247043689,0.0006509870399155411,0.0005861396764327781,0.0008181524483130496,-0.0002829188166863106,-0.002126774684687821,-0.0024388638149652306,0.0006560780289843014,0.0012764403551084283,-0.0023450276105439747,0.0002692545457565184,-0.0030299556537265212,0.0007773603360632427,-0.0021194342843453787,-0.00016313775065679607
2025-11-12,-0.0015471840487291876,-0.0036566607403755638,-0.004103755282468781,-0.002330860195103273,-0.004534569673605182,-0.0020153498157467267,-0.003113764288061202,-0.0012190051663380336,-0.002593520021526821,-0.0017816892938590293,-0.003972065936252355,-0.0015199857049136155,-0.0017018378323860374,-0.0012761858988661434,-0.002693851611035357,-0.0034701959518669014,-0.0036886099492639286,-0.0025126611195744834,-0.00553639323054545,-0.003385553305562103
2025-11-13,0.00827105294651137,0.007348659029359868,0.009871049405682173,0.006660639552671799,0.00813978675313498,0.013574446361253312,0.012563309455022629,0.013009224372496273,0.007535342558639378,0.008161447836520005,0.011282128959740411,0.00859294641943176,0.0073052570677304505,0.00680380624375627,0.012916627257730181,0.00840901605456008,0.008243250391876648,0.006777227499343262,0.010009167984767088,0.011973495980911722
2025-11-14,-0.007120007543464645,-0.010579412482059061,-0.004384731537563268,-0.007437099846277634,-0.006552813137190507,-0.010764588762713084,-0.009845127214101463,-0.009886290541755997,-0.0016356823989485338,-0.003165648065515322,-0.009244018052108208,-0.007639615920698227,-0.00340169792413977,-0.002124366699466182,-0.008100317870640868,-0.004587588863747789,-0.006550364741874688,-0.0029046549103671376,-0.005628617552264083,-0.007801659177086622
2025-11-17,-0.004702225961491202,-0.008658190257373098,-0.002873669536778608,-0.0072273749870240605,-0.0040720948781920886,-0.0017442064719761534,-0.0010882801377371848,0.0003285446609739079,-0.0015465074106415456,-0.0009596901293796974,-0.0005163037641729813,-0.004837694548910701,-0.0038129412337621032,-0.002454789209754306,0.000559067542727755,-0.003956577088423576,-0.00428183744006414,-0.001440933343917891,-0.004513209375912665,-0.0012775937891986188
2025-11-18,-0.008786107172167235,-0.009783021825361029,-0.011822920874566413,-0.010029813432552138,-0.008212658906050115,-0.012036961210496685,-0.012157049064459545,-0.01005242817082411,-0.007895214286737558,-0.008351553175626603,-0.013037597193117605,-0.006872072527245173,-0.00911082946089892,-0.00948536549512562,-0.01208560342806533,-0.008964775311281637,-0.008556928801052103,-0.008864177483245427,-0.011048656803823607,-0.012767849334577109
2025-11-19,-0.005883644786664606,-0.005161500984879818,-0.0070657369241785145,-0.005959779125561594,-0.0068782041061722175,-0.00848753486434136,-0.00857251451344867,-0.0038990229176142665,-0.004314932673195599,-0.0028827423783633513,-0.003815228203046412,-0.004344618778810397,-0.006200960302722735,-0.007261751922828065,-0.006108847224183437,-0.006617790444907001,-0.007413898323329855,-0.0051286377648292495,-0.007551367922872276,-0.006630851908775747
2025-11-20,-0.004287110119584325,-0.0043084180659173545,-0.004017107649946766,-0.003067451235875804,-0.003927814485117063,-0.006914837771483223,-0.006394747842507114,-0.005414893162418351,-0.0022955982375708625,-0.002554355792529541,-0.006157252012703798,-0.0060939190177671555,-0.004173337697549209,-0.0029095431935479625,-0.0053637061311221645,-0.004462249406902811,-0.003873917573105458,-0.0018408032022216416,-0.004983908451127589,-0.006348214230419012
2025-11-21,-0.030962533523540784,-0.032513907748164886,-0.03649291753830885,-0.030625455642571114,-0.034649919525844855,-0.0406287939717398,-0.040549636708534606,-0.036607288965089156,-0.02777315680874904,-0.028325341094975823,-0.03524910549818711,-0.029387510478606594,-0.02988330516536748,-0.03312223255311679,-0.036006890187366435,-0.03315945920323464,-0.03456909825083318,-0.028616441766036334,-0.03342542395643842,-0.0375507226586189
2025-11-24,0.007973657341126355,0.006615571715938456,0.008902058677197828,0.006964651244896196,0.011286723554718816,0.0085667781627869,0.011760138571936904,0.007802946440761651,0.009854497390883406,0.008675841663550897,0.010834287854243502,0.005502245294480428,0.010133902244694586,0.011106468862654229,0.011547441700023009,0.009975401057497602,0.011414238459009353,0.00972905671152209,0.011774921975224572,0.010164419114485354
2025-11-25,0.012497757994349401,0.010602381767359398,0.012076688543306185,0.00983635667003234,0.014854482244950411,0.018072374870712955,0.017848193843330373,0.01595231319668608,0.009398863786107561,0.010420146571444312,0.01416697916316852,0.011967837941732683,0.009701606937888725,0.010176856351244198,0.01277797251258798,0.012762357350207356,0.015642086862014546,0.009806886352380023,0.012772938494219075,0.016050779933189586
2025-11-26,-0.0028368086552870947,-0.0025540742638801173,-0.0033874542133110032,-0.0023745549659341557,-0.0001839802085848892,0.0024892845877905133,0.0011372927351959309,-0.0016515846985369204,-0.005217310464520819,-0.004948936010990391,-0.00320295398686589,-0.002014791150024859,-0.004957088157112942,-0.005220782387378802,-0.004177620132162667,-0.0028129374896849703,0.00045286693258667716,-0.004859189457314389,-0.0030772705816866927,-0.0028779603795150363
2025-11-27,0.0033718279573290784,0.002695339025380139,0.002839495922263969,0.004012957021408351,0.0033833588356069312,0.0015636331152654333,0.0023291831799528663,0.00292389789397544,0.001711238620556332,0.0011861330003609288,0.0034063438491409048,0.0023196058731431413,0.0023573516567112042,0.0035339607955553066,0.0029832435318952254,0.0039218220436521385,0.0033367571779327676,0.0021299460448099506,0.0014306017936836664,0.0023020871039324212
2025-11-28,0.005124265961311719,0.005354067545006073,0.008458266792710367,0.006483403987998546,0.007854597767283015,0.012592714473896854,0.009705310437099341,0.010740100371226281,0.005409734303206945,0.007140444203547429,0.010202404304626756,0.004118882245355517,0.00765453553347651,0.006818078135230108,0.00911914089623311,0.005314712682693656,0.00806711763603619,0.005335063199129231,0.008898350380594696,0.009366181332516049
2025-12-01,0.010779429434015296,0.013344121674766798,0.010468418532065085,0.01139877488655454,0.008811440877293807,0.005523470071268689,0.0055926508895641205,0.00758353439704746,0.008995450379124609,0.008602566732155956,0.009249571929183343,0.008990009128075764,0.006369971993216854,0.007009614350168603,0.009541812993364106,0.008838896760953495,0.009157331918710829,0.009036113923806566,0.010095844931965596,0.00907864579857625
2025-12-02,-0.0065652079572070575,-0.004738204793263707,-0.003481113937130039,-0.002333976152872149,-0.00632708264557199,-0.004042411685060611,-0.009318584434325787,-0.000874202518452197,-0.003923836328824146,-0.0028912068541350287,-0.004614507816684914,-0.007012028928817688,-0.0046662115664940045,-0.005201861787003435,-0.0032328439865849795,-0.005942813028694597,-0.005905828120565855,-0.004136915087067821,-0.008223324561026812,-0.004818179648412788
2025-12-03,-0.008927067675345943,-0.0031689517652906127,-0.004851477970116728,-0.002681167366691202,-0.01008719168761275,-0.008910384070766142,-0.008194625332883995,-0.00869227098893252,-0.003887165696098408,-0.0042215990037739685,-0.008846990670431588,-0.007869752063388089,-0.005053355637235287,-0.005117460150895228,-0.009033862688157646,-0.0062676488629852456,-0.009799297024200205,-0.0045937546959348265,-0.008693548319920821,-0.010951537741081954
2025-12-04,-0.005504814860838806,-0.0028094939468128396,-0.004880279223361393,-0.002789911010176601,-0.006505061576946805,-0.007175986687230394,-0.005687544544157803,-0.009702656507716033,-0.004016023705960674,-0.005108678503223873,-0.010704065983713044,-0.006148041627850719,-0.006517150719804043,-0.00667098254143674,-0.007534498980546978,-0.004724201549711599,-0.006181209466704171,-0.004470415357685663,-0.005308217229837359,-0.008515843863686435
2025-12-05,0.011929471984460111,0.01087624871788094,0.013273269430043474,0.011142231023981715,0.014174403404609352,0.015548513541258744,0.013019410689637993,0.01632152195246209,0.010872399789293758,0.010471537187324045,0.014568151658737571,0.010140811491682375,0.010616381891630961,0.01043335370609673,0.015057149103708712,0.011671760311949256,0.012992459819036984,0.011524840204911341,0.013533693248946425,0.015039778540964697
2025-12-08,0.007427975627606782,0.002785554214923617,0.005110755210292512,0.004286312641102477,0.00752982529187006,0.0155170143921233,0.01688969159228146,0.011366173950445002,0.00393522599173966,0.004560020618168938,0.009297502997662762,0.008869401511667853,0.004969987226413948,0.0047130280934578606,0.011324207885627144,0.00595838090159814,0.006800616565488903,0.0039642644676295595,0.00969498353056635,0.012781453759392299
2025-12-09,-0.008814266438379894,-0.00915117935051595,-0.009045525302480248,-0.008608195221090407,-0.004543362661292128,-0.005570770717200263,-0.002734618290988675,-0.00892176151066127,-0.008172836535789318,-0.007873501861281332,-0.0066232777898130694,-0.007999648988595936,-0.008249495505598716,-0.00796561672267814,-0.0070757744417221016,-0.00627772420026392,-0.006240567372996156,-0.008422730748101195,-0.007635991432317463,-0.005692490803971598
2025-12-10,-0.001808134122113287,0.0021157759903035057,0.00030651855799623216,0.0016141630792146484,-0.0013692814379617608,0.0023319941434982463,0.0027640243146232037,0.0008990947160825533,-5.646199608321865e-05,0.0005670168329878766,0.0013672750144891666,-0.0034797298476697755,-0.00012464466390341215,-0.0010044232638234875,0.0018098243992511465,-0.000859357426138416,-0.0009051184967449617,0.0007224922226615651,0.0006717427676770407,0.0013408934047635427
2025-12-11,-0.006379587368910609,-0.009248362230340233,-0.010881020165329722,-0.011148957663965772,-0.010109385591524245,-0.01264933943424462,-0.015447722006711915,-0.011223384500191202,-0.00834487977209792,-0.007091035569494701,-0.011362787448846544,-0.005804839146890077,-0.008945989301099177,-0.01076989829393788,-0.01405005711604709,-0.010550381507057841,-0.009891077135477138,-0.00898786982971623,-0.00771850703405589,-0.013308652954209946
2025-12-12,0.006839007261073501,0.007106546760629089,0.004726749730089318,0.005936192287872312,0.0055721936123006265,0.006009175725270983,0.0037624719111097075,0.00552515630315457,0.004507172234244494,0.004876946398078891,0.008538812060599588,0.003917551329286685,0.004651869271999854,0.002779326114264403,0.0052031935158704965,0.0038981929569171783,0.006937879812558952,0.005142640119522452,0.005442555634641293,0.008113568505240526
2025-12-15,-0.003423303093962636,0.0003431797653441726,0.0008336040739501173,0.0008343688019431415,-0.0024816094611205862,-0.00189997876851223,-0.0032439153301339974,-0.0002590083635579428,-0.00024078009941631972,0.0009931643576561653,0.0013593636112876626,-0.004300842215993062,-0.0009222526124690101,-0.0012061032437422606,-0.003963237535198682,-0.002748073961803003,-0.002674704283071984,0.0005839292520912012,2.934085120527216e-05,-0.003397117734327505
2025-12-16,-0.010160338402616086,-0.012368678992915818,-0.013243694917123601,-0.011016210538682193,-0.01274082717349352,-0.019572947114773264,-0.01877673897808417,-0.017478237977581232,-0.00753583301186561,-0.0076680961964554735,-0.015798542747569068,-0.010638380198318023,-0.009821505454154122,-0.011779329228729638,-0.015200251101222443,-0.011187215769524653,-0.012913906209551686,-0.008161557377934914,-0.01350907195041498,-0.01540279003258312
2025-12-17,0.009492817994215865,0.009543123532229927,0.007385931491647808,0.007093866594261314,0.006788490088557446,0.01205066772447587,0.016912746174011662,0.0064168551567284,0.00551102364597247,0.004663843222859256,0.008152748506405797,0.008549361486420081,0.005176542654439983,0.004803510021277798,0.00762063649166928,0.007026622531911854,0.006549512673667827,0.004489806787533489,0.011715309546221766,0.006778718629878639
2025-12-18,0.0015003920522514565,0.002505496950814919,0.0033934082226301228,0.0024007716393267616,0.001667851397071534,-0.0015468725523614057,-0.002878045631732614,0.00036682772615273486,0.004249607320897711,0.005123331557358062,-0.0006188207771369481,0.003028543495874283,0.005048918298557914,0.006474836365853553,0.002632968663272266,0.004551247975342032,0.0021530531012741725,0.004409045304529205,-0.0011221636752788715,0.00046737206691106856
2025-12-19,0.006802946843862311,0.009382934145629193,0.010315872296145294,0.010453754751615127,0.006282167780667739,0.00906669032788626,0.006996351547539664,0.0077608380829492975,0.008460303013845448,0.007867083758448934,0.007790731779038786,0.00536944054833043,0.007681136341232798,0.009682588228045942,0.007246993787582024,0.008636190280990674,0.007155375849405234,0.00851745942755705,0.006984344599692562,0.007021797658442556
